page_id,page_title,target_dataset,source_dataset,beastmode_name
248150074,工場売上分析,ER_現場名入り売上実績,ER_売上/受注_直近_PRD, CMS用新規カテゴリ表示順
248150074,工場売上分析,ER_現場名入り売上実績,ER_売上/受注_直近_PRD,#売上年
248150074,工場売上分析,ER_現場名入り売上実績,ER_売上/受注_直近_PRD,#目標粗利率
248150074,工場売上分析,ER_現場名入り売上実績,ER_売上/受注_直近_PRD,#粗利率
248150074,工場売上分析,ER_現場名入り売上実績,ER_売上/受注_直近_PRD,2026年_おうちReカバー_条件
248150074,工場売上分析,ER_現場名入り売上実績,ER_売上/受注_直近_PRD,38期Reカバーチーム
248150074,工場売上分析,ER_現場名入り売上実績,ER_売上/受注_直近_PRD,APS
248150074,工場売上分析,ER_現場名入り売上実績,ER_売上/受注_直近_PRD,APS以外（8.5%）プロタイムズ専用
248150074,工場売上分析,ER_現場名入り売上実績,ER_売上/受注_直近_PRD,APS（2%）プロタイムズ専用
248150074,工場売上分析,ER_現場名入り売上実績,ER_売上/受注_直近_PRD,AP営業所名表示順
248150074,工場売上分析,ER_現場名入り売上実績,ER_売上/受注_直近_PRD,AP営業所名（受注時）表示順
248150074,工場売上分析,ER_現場名入り売上実績,ER_売上/受注_直近_PRD,AP担当者ID（0消し）
248150074,工場売上分析,ER_現場名入り売上実績,ER_売上/受注_直近_PRD,AP担当者名 (表示順)
248150074,工場売上分析,ER_現場名入り売上実績,ER_売上/受注_直近_PRD,CMS_加盟店材料別_塗料の表示順
248150074,工場売上分析,ER_現場名入り売上実績,ER_売上/受注_直近_PRD,CMS_加盟店材料別_塗料カテゴリ
248150074,工場売上分析,ER_現場名入り売上実績,ER_売上/受注_直近_PRD,CMS_加盟店材料別_塗料カテゴリ表示順
248150074,工場売上分析,ER_現場名入り売上実績,ER_売上/受注_直近_PRD,CMS用カテゴリ
248150074,工場売上分析,ER_現場名入り売上実績,ER_売上/受注_直近_PRD,CMS用新規カテゴリ
248150074,工場売上分析,ER_現場名入り売上実績,ER_売上/受注_直近_PRD,GV商品
248150074,工場売上分析,ER_現場名入り売上実績,ER_売上/受注_直近_PRD,ID
248150074,工場売上分析,ER_現場名入り売上実績,ER_売上/受注_直近_PRD,PT売上予算
248150074,工場売上分析,ER_現場名入り売上実績,ER_売上/受注_直近_PRD,PT売上予算累計
248150074,工場売上分析,ER_現場名入り売上実績,ER_売上/受注_直近_PRD,PT売上予算達成率
248150074,工場売上分析,ER_現場名入り売上実績,ER_売上/受注_直近_PRD,PT手数料
248150074,工場売上分析,ER_現場名入り売上実績,ER_売上/受注_直近_PRD,PT手数料(平均予測)
248150074,工場売上分析,ER_現場名入り売上実績,ER_売上/受注_直近_PRD,PT手数料(平均予測:月次)
248150074,工場売上分析,ER_現場名入り売上実績,ER_売上/受注_直近_PRD,PT手数料(色分用)
248150074,工場売上分析,ER_現場名入り売上実績,ER_売上/受注_直近_PRD,PT手数料予算(可変)
248150074,工場売上分析,ER_現場名入り売上実績,ER_売上/受注_直近_PRD,PT手数料予算累計
248150074,工場売上分析,ER_現場名入り売上実績,ER_売上/受注_直近_PRD,PT手数料目標達成率（24年~14%Ver）
248150074,工場売上分析,ER_現場名入り売上実績,ER_売上/受注_直近_PRD,PT手数料累計
248150074,工場売上分析,ER_現場名入り売上実績,ER_売上/受注_直近_PRD,PT手数料累計（24年~14%Ver）
248150074,工場売上分析,ER_現場名入り売上実績,ER_売上/受注_直近_PRD,PT手数料（24年~14%Ver）
248150074,工場売上分析,ER_現場名入り売上実績,ER_売上/受注_直近_PRD,PT退会日_IS_NULL
248150074,工場売上分析,ER_現場名入り売上実績,ER_売上/受注_直近_PRD,Reカバーチーム順
248150074,工場売上分析,ER_現場名入り売上実績,ER_売上/受注_直近_PRD,SE＋IS
248150074,工場売上分析,ER_現場名入り売上実績,ER_売上/受注_直近_PRD,おうちReカバーカテゴリ並び順（全体用）
248150074,工場売上分析,ER_現場名入り売上実績,ER_売上/受注_直近_PRD,おうちReカバーカテゴリ並び順（顧客部用）
248150074,工場売上分析,ER_現場名入り売上実績,ER_売上/受注_直近_PRD,おうちReカバー用営業所
248150074,工場売上分析,ER_現場名入り売上実績,ER_売上/受注_直近_PRD,おうちReカバー用営業所並び順
248150074,工場売上分析,ER_現場名入り売上実績,ER_売上/受注_直近_PRD,おうちReカバー親カテゴリ（予算込み）
248150074,工場売上分析,ER_現場名入り売上実績,ER_売上/受注_直近_PRD,おうちReカバー集計カテゴリ（全体用）
248150074,工場売上分析,ER_現場名入り売上実績,ER_売上/受注_直近_PRD,おうちReカバー集計カテゴリ（全体用）_アップデート
248150074,工場売上分析,ER_現場名入り売上実績,ER_売上/受注_直近_PRD,おうちReカバー集計カテゴリ（全体販促品用）
248150074,工場売上分析,ER_現場名入り売上実績,ER_売上/受注_直近_PRD,おうちReカバー集計カテゴリ（太陽光発電）
248150074,工場売上分析,ER_現場名入り売上実績,ER_売上/受注_直近_PRD,おうちReカバー集計カテゴリ（顧客部用）
248150074,工場売上分析,ER_現場名入り売上実績,ER_売上/受注_直近_PRD,アステック加盟種別名
248150074,工場売上分析,ER_現場名入り売上実績,ER_売上/受注_直近_PRD,アパマン売上
248150074,工場売上分析,ER_現場名入り売上実績,ER_売上/受注_直近_PRD,アパマン工場倉庫売上合計
248150074,工場売上分析,ER_現場名入り売上実績,ER_売上/受注_直近_PRD,カイゼンリペイント
248150074,工場売上分析,ER_現場名入り売上実績,ER_売上/受注_直近_PRD,カテゴリ構成比用表示
248150074,工場売上分析,ER_現場名入り売上実績,ER_売上/受注_直近_PRD,チーム別予算達成率
248150074,工場売上分析,ER_現場名入り売上実績,ER_売上/受注_直近_PRD,パンフレット建物区分
248150074,工場売上分析,ER_現場名入り売上実績,ER_売上/受注_直近_PRD,プロタイムズ加盟種別
248150074,工場売上分析,ER_現場名入り売上実績,ER_売上/受注_直近_PRD,プロタイムズ対象データ(SV有無チェック)
248150074,工場売上分析,ER_現場名入り売上実績,ER_売上/受注_直近_PRD,プロタイムズ注文除外
248150074,工場売上分析,ER_現場名入り売上実績,ER_売上/受注_直近_PRD,ボリュームディスカウント値引き合計（プロタイムズ専用）
248150074,工場売上分析,ER_現場名入り売上実績,ER_売上/受注_直近_PRD,マイカラー
248150074,工場売上分析,ER_現場名入り売上実績,ER_売上/受注_直近_PRD,一社当たり売上
248150074,工場売上分析,ER_現場名入り売上実績,ER_売上/受注_直近_PRD,一社当たり粗利
248150074,工場売上分析,ER_現場名入り売上実績,ER_売上/受注_直近_PRD,一部規格4ID除外
248150074,工場売上分析,ER_現場名入り売上実績,ER_売上/受注_直近_PRD,上塗材数量
248150074,工場売上分析,ER_現場名入り売上実績,ER_売上/受注_直近_PRD,上塗材数量 (Merged from datasource: fdbbe4dc-f969-48d9-8446-6dcf53ad3f6e)
248150074,工場売上分析,ER_現場名入り売上実績,ER_売上/受注_直近_PRD,主要9商品
248150074,工場売上分析,ER_現場名入り売上実績,ER_売上/受注_直近_PRD,主要商品対象
248150074,工場売上分析,ER_現場名入り売上実績,ER_売上/受注_直近_PRD,予測売上額（PL予算）
248150074,工場売上分析,ER_現場名入り売上実績,ER_売上/受注_直近_PRD,予測粗利額（PL予算）
248150074,工場売上分析,ER_現場名入り売上実績,ER_売上/受注_直近_PRD,予測達成率
248150074,工場売上分析,ER_現場名入り売上実績,ER_売上/受注_直近_PRD,予測達成率（PL予算）
248150074,工場売上分析,ER_現場名入り売上実績,ER_売上/受注_直近_PRD,予測達成率（売上）（PL予算）
248150074,工場売上分析,ER_現場名入り売上実績,ER_売上/受注_直近_PRD,予測達成率（粗利）
248150074,工場売上分析,ER_現場名入り売上実績,ER_売上/受注_直近_PRD,予測達成率（粗利）（PL予算）
248150074,工場売上分析,ER_現場名入り売上実績,ER_売上/受注_直近_PRD,予算有無
248150074,工場売上分析,ER_現場名入り売上実績,ER_売上/受注_直近_PRD,代理店値引きフラグ
248150074,工場売上分析,ER_現場名入り売上実績,ER_売上/受注_直近_PRD,低単価比率
248150074,工場売上分析,ER_現場名入り売上実績,ER_売上/受注_直近_PRD,価格ランク名（リファイン購入可否込）
248150074,工場売上分析,ER_現場名入り売上実績,ER_売上/受注_直近_PRD,個人別予算達成率
248150074,工場売上分析,ER_現場名入り売上実績,ER_売上/受注_直近_PRD,個人別予算達成率（売上額/予算額）
248150074,工場売上分析,ER_現場名入り売上実績,ER_売上/受注_直近_PRD,個人別売上累計
248150074,工場売上分析,ER_現場名入り売上実績,ER_売上/受注_直近_PRD,個人別実績値(可変)
248150074,工場売上分析,ER_現場名入り売上実績,ER_売上/受注_直近_PRD,個人別粗利累計
248150074,工場売上分析,ER_現場名入り売上実績,ER_売上/受注_直近_PRD,値引フィルタ(ヤマホ)
248150074,工場売上分析,ER_現場名入り売上実績,ER_売上/受注_直近_PRD,値引額（PLジャパン株式会社）
248150074,工場売上分析,ER_現場名入り売上実績,ER_売上/受注_直近_PRD,値引額（ヤマホ）
248150074,工場売上分析,ER_現場名入り売上実績,ER_売上/受注_直近_PRD,元請住宅塗装チャネル粗利予算（office）
248150074,工場売上分析,ER_現場名入り売上実績,ER_売上/受注_直近_PRD,元請住宅塗装チャネル粗利額
248150074,工場売上分析,ER_現場名入り売上実績,ER_売上/受注_直近_PRD,出荷比率_東京
248150074,工場売上分析,ER_現場名入り売上実績,ER_売上/受注_直近_PRD,出荷比率（アステック加盟種別＝新規）_東京
248150074,工場売上分析,ER_現場名入り売上実績,ER_売上/受注_直近_PRD,出荷済受注
248150074,工場売上分析,ER_現場名入り売上実績,ER_売上/受注_直近_PRD,分類(経理)
248150074,工場売上分析,ER_現場名入り売上実績,ER_売上/受注_直近_PRD,分類名（リファイン_屋根壁分割）
248150074,工場売上分析,ER_現場名入り売上実績,ER_売上/受注_直近_PRD,分類名（大阪営業所出荷確認用）2
248150074,工場売上分析,ER_現場名入り売上実績,ER_売上/受注_直近_PRD,分類名（東京営業所出荷確認用）
248150074,工場売上分析,ER_現場名入り売上実績,ER_売上/受注_直近_PRD,分類名（福岡営業所出荷確認用）　
248150074,工場売上分析,ER_現場名入り売上実績,ER_売上/受注_直近_PRD,初回購入日
248150074,工場売上分析,ER_現場名入り売上実績,ER_売上/受注_直近_PRD,加盟店ランク(受注時)表示順
248150074,工場売上分析,ER_現場名入り売上実績,ER_売上/受注_直近_PRD,加盟店ランク名表示順
248150074,工場売上分析,ER_現場名入り売上実績,ER_売上/受注_直近_PRD,加盟店名_02
248150074,工場売上分析,ER_現場名入り売上実績,ER_売上/受注_直近_PRD,加盟店子ランク表示順
248150074,工場売上分析,ER_現場名入り売上実績,ER_売上/受注_直近_PRD,加盟月から1年間の売上額
248150074,工場売上分析,ER_現場名入り売上実績,ER_売上/受注_直近_PRD,加盟月から1年間の粗利額
248150074,工場売上分析,ER_現場名入り売上実績,ER_売上/受注_直近_PRD,加盟月から4か月の売上額
248150074,工場売上分析,ER_現場名入り売上実績,ER_売上/受注_直近_PRD,加盟月から4か月の粗利額
248150074,工場売上分析,ER_現場名入り売上実績,ER_売上/受注_直近_PRD,合計
248150074,工場売上分析,ER_現場名入り売上実績,ER_売上/受注_直近_PRD,商品カテゴリ(親カテゴリ)
248150074,工場売上分析,ER_現場名入り売上実績,ER_売上/受注_直近_PRD,商品グループ
248150074,工場売上分析,ER_現場名入り売上実績,ER_売上/受注_直近_PRD,商品分類(顧客事業部)
248150074,工場売上分析,ER_現場名入り売上実績,ER_売上/受注_直近_PRD,商品分類(顧客事業部)表示順
248150074,工場売上分析,ER_現場名入り売上実績,ER_売上/受注_直近_PRD,商品分類別予算達成率
248150074,工場売上分析,ER_現場名入り売上実績,ER_売上/受注_直近_PRD,商品別予算達成率分子(実績)
248150074,工場売上分析,ER_現場名入り売上実績,ER_売上/受注_直近_PRD,商品別予算達成率分母(計画)
248150074,工場売上分析,ER_現場名入り売上実績,ER_売上/受注_直近_PRD,商品別売上予算額(単位可変)［予算種類部分一致］
248150074,工場売上分析,ER_現場名入り売上実績,ER_売上/受注_直近_PRD,商品別売上達成率（単位可変）（今日まで）
248150074,工場売上分析,ER_現場名入り売上実績,ER_売上/受注_直近_PRD,商品別売上達成率（単位可変）［予算種類部分一致］
248150074,工場売上分析,ER_現場名入り売上実績,ER_売上/受注_直近_PRD,商品数
248150074,工場売上分析,ER_現場名入り売上実績,ER_売上/受注_直近_PRD,商品系統別構成比リンク
248150074,工場売上分析,ER_現場名入り売上実績,ER_売上/受注_直近_PRD,商品系統売上達成率
248150074,工場売上分析,ER_現場名入り売上実績,ER_売上/受注_直近_PRD,商品系統売上達成率(累計)
248150074,工場売上分析,ER_現場名入り売上実績,ER_売上/受注_直近_PRD,商品系統達成率表示順
248150074,工場売上分析,ER_現場名入り売上実績,ER_売上/受注_直近_PRD,営業所(分類経理用)
248150074,工場売上分析,ER_現場名入り売上実績,ER_売上/受注_直近_PRD,営業所順
248150074,工場売上分析,ER_現場名入り売上実績,ER_売上/受注_直近_PRD,塗料系統別（マルチエースを含む）
248150074,工場売上分析,ER_現場名入り売上実績,ER_売上/受注_直近_PRD,塗料系統順（屋根）_東京
248150074,工場売上分析,ER_現場名入り売上実績,ER_売上/受注_直近_PRD,売上.原価
248150074,工場売上分析,ER_現場名入り売上実績,ER_売上/受注_直近_PRD,売上シェア
248150074,工場売上分析,ER_現場名入り売上実績,ER_売上/受注_直近_PRD,売上予実差異
248150074,工場売上分析,ER_現場名入り売上実績,ER_売上/受注_直近_PRD,売上予算(加盟店予算)
248150074,工場売上分析,ER_現場名入り売上実績,ER_売上/受注_直近_PRD,売上予算(商品別_unit・今日まで)
248150074,工場売上分析,ER_現場名入り売上実績,ER_売上/受注_直近_PRD,売上予算(新規売上_Unit)
248150074,工場売上分析,ER_現場名入り売上実績,ER_売上/受注_直近_PRD,売上予算(準新規_Unit)
248150074,工場売上分析,ER_現場名入り売上実績,ER_売上/受注_直近_PRD,売上予算累計
248150074,工場売上分析,ER_現場名入り売上実績,ER_売上/受注_直近_PRD,売上予算累計(集計単位可変)
248150074,工場売上分析,ER_現場名入り売上実績,ER_売上/受注_直近_PRD,売上予算達成率
248150074,工場売上分析,ER_現場名入り売上実績,ER_売上/受注_直近_PRD,売上予算達成率(office)
248150074,工場売上分析,ER_現場名入り売上実績,ER_売上/受注_直近_PRD,売上予算達成率(office_CMS)
248150074,工場売上分析,ER_現場名入り売上実績,ER_売上/受注_直近_PRD,売上予算達成率(office・今日まで)
248150074,工場売上分析,ER_現場名入り売上実績,ER_売上/受注_直近_PRD,売上予算達成率(unit)
248150074,工場売上分析,ER_現場名入り売上実績,ER_売上/受注_直近_PRD,売上予算達成率(unit・今日まで)
248150074,工場売上分析,ER_現場名入り売上実績,ER_売上/受注_直近_PRD,売上予算達成率(今期新規売上_Unit)
248150074,工場売上分析,ER_現場名入り売上実績,ER_売上/受注_直近_PRD,売上予算達成率(今期新規売上_Unit・今日まで)
248150074,工場売上分析,ER_現場名入り売上実績,ER_売上/受注_直近_PRD,売上予算達成率(商品別_Team)
248150074,工場売上分析,ER_現場名入り売上実績,ER_売上/受注_直近_PRD,売上予算達成率(商品別_unit)
248150074,工場売上分析,ER_現場名入り売上実績,ER_売上/受注_直近_PRD,売上予算達成率(商品別_unit・今日まで)
248150074,工場売上分析,ER_現場名入り売上実績,ER_売上/受注_直近_PRD,売上予算達成率(準新規_Unit)
248150074,工場売上分析,ER_現場名入り売上実績,ER_売上/受注_直近_PRD,売上予算達成率（今日まで）
248150074,工場売上分析,ER_現場名入り売上実績,ER_売上/受注_直近_PRD,売上予算額(office)
248150074,工場売上分析,ER_現場名入り売上実績,ER_売上/受注_直近_PRD,売上予算額(今期新規売上_Unit・今日まで)
248150074,工場売上分析,ER_現場名入り売上実績,ER_売上/受注_直近_PRD,売上予算額(単位可変)
248150074,工場売上分析,ER_現場名入り売上実績,ER_売上/受注_直近_PRD,売上予算額(単位可変)［予算種類部分一致］
248150074,工場売上分析,ER_現場名入り売上実績,ER_売上/受注_直近_PRD,売上予算額合計
248150074,工場売上分析,ER_現場名入り売上実績,ER_売上/受注_直近_PRD,売上予算額（Unit・今日まで）
248150074,工場売上分析,ER_現場名入り売上実績,ER_売上/受注_直近_PRD,売上予算額（office・今日まで）
248150074,工場売上分析,ER_現場名入り売上実績,ER_売上/受注_直近_PRD,売上予算額（キーエンスPJ用CL予算）
248150074,工場売上分析,ER_現場名入り売上実績,ER_売上/受注_直近_PRD,売上予算額（今日まで）
248150074,工場売上分析,ER_現場名入り売上実績,ER_売上/受注_直近_PRD,売上予算（Unit)
248150074,工場売上分析,ER_現場名入り売上実績,ER_売上/受注_直近_PRD,売上予算（商品別_Team）
248150074,工場売上分析,ER_現場名入り売上実績,ER_売上/受注_直近_PRD,売上予算（商品別_unit）
248150074,工場売上分析,ER_現場名入り売上実績,ER_売上/受注_直近_PRD,売上合計
248150074,工場売上分析,ER_現場名入り売上実績,ER_売上/受注_直近_PRD,売上年月
248150074,工場売上分析,ER_現場名入り売上実績,ER_売上/受注_直近_PRD,売上年月 
248150074,工場売上分析,ER_現場名入り売上実績,ER_売上/受注_直近_PRD,売上年月(フィルタ)
248150074,工場売上分析,ER_現場名入り売上実績,ER_売上/受注_直近_PRD,売上日（CMS）
248150074,工場売上分析,ER_現場名入り売上実績,ER_売上/受注_直近_PRD,売上時期
248150074,工場売上分析,ER_現場名入り売上実績,ER_売上/受注_直近_PRD,売上期
248150074,工場売上分析,ER_現場名入り売上実績,ER_売上/受注_直近_PRD,売上累計
248150074,工場売上分析,ER_現場名入り売上実績,ER_売上/受注_直近_PRD,売上見込み
248150074,工場売上分析,ER_現場名入り売上実績,ER_売上/受注_直近_PRD,売上過不足
248150074,工場売上分析,ER_現場名入り売上実績,ER_売上/受注_直近_PRD,売上過不足(今日まで)
248150074,工場売上分析,ER_現場名入り売上実績,ER_売上/受注_直近_PRD,売上過不足（予算種類なし）
248150074,工場売上分析,ER_現場名入り売上実績,ER_売上/受注_直近_PRD,売上達成率
248150074,工場売上分析,ER_現場名入り売上実績,ER_売上/受注_直近_PRD,売上達成率（単位可変）（今日まで）
248150074,工場売上分析,ER_現場名入り売上実績,ER_売上/受注_直近_PRD,売上達成率（単位可変）［予算種類部分一致］
248150074,工場売上分析,ER_現場名入り売上実績,ER_売上/受注_直近_PRD,売上額(単位:千円)
248150074,工場売上分析,ER_現場名入り売上実績,ER_売上/受注_直近_PRD,売上額(平均予測)
248150074,工場売上分析,ER_現場名入り売上実績,ER_売上/受注_直近_PRD,売上額(平均予測:月末)
248150074,工場売上分析,ER_現場名入り売上実績,ER_売上/受注_直近_PRD,売上額(平均予測:月次)
248150074,工場売上分析,ER_現場名入り売上実績,ER_売上/受注_直近_PRD,売上額(色分用)
248150074,工場売上分析,ER_現場名入り売上実績,ER_売上/受注_直近_PRD,売上額合計
248150074,工場売上分析,ER_現場名入り売上実績,ER_売上/受注_直近_PRD,売上額（今年）
248150074,工場売上分析,ER_現場名入り売上実績,ER_売上/受注_直近_PRD,売上／缶数 切替え
248150074,工場売上分析,ER_現場名入り売上実績,ER_売上/受注_直近_PRD,大阪実績
248150074,工場売上分析,ER_現場名入り売上実績,ER_売上/受注_直近_PRD,大阪目標
248150074,工場売上分析,ER_現場名入り売上実績,ER_売上/受注_直近_PRD,契約時期
248150074,工場売上分析,ER_現場名入り売上実績,ER_売上/受注_直近_PRD,実績予算_値
248150074,工場売上分析,ER_現場名入り売上実績,ER_売上/受注_直近_PRD,工場アパマン150万円以上
248150074,工場売上分析,ER_現場名入り売上実績,ER_売上/受注_直近_PRD,工場アパマン150万円未満
248150074,工場売上分析,ER_現場名入り売上実績,ER_売上/受注_直近_PRD,工場アパマン加盟店（〇）
248150074,工場売上分析,ER_現場名入り売上実績,ER_売上/受注_直近_PRD,工場倉庫アパマン粗利予算達成率（単位可変）（今日まで）
248150074,工場売上分析,ER_現場名入り売上実績,ER_売上/受注_直近_PRD,工場倉庫売上
248150074,工場売上分析,ER_現場名入り売上実績,ER_売上/受注_直近_PRD,平均出荷額_粗利_東京
248150074,工場売上分析,ER_現場名入り売上実績,ER_売上/受注_直近_PRD,平均出荷額_粗利（アステック加盟種別＝新規）_東京
248150074,工場売上分析,ER_現場名入り売上実績,ER_売上/受注_直近_PRD,平均単価/現場
248150074,工場売上分析,ER_現場名入り売上実績,ER_売上/受注_直近_PRD,年会費・預かり保証金・参加費除外
248150074,工場売上分析,ER_現場名入り売上実績,ER_売上/受注_直近_PRD,年月ジャンプ(売上日ベース)
248150074,工場売上分析,ER_現場名入り売上実績,ER_売上/受注_直近_PRD,年比較用売上日
248150074,工場売上分析,ER_現場名入り売上実績,ER_売上/受注_直近_PRD,建物区分名（大型予実確認用）
248150074,工場売上分析,ER_現場名入り売上実績,ER_売上/受注_直近_PRD,当日売上高
248150074,工場売上分析,ER_現場名入り売上実績,ER_売上/受注_直近_PRD,当月売上
248150074,工場売上分析,ER_現場名入り売上実績,ER_売上/受注_直近_PRD,当月売上高
248150074,工場売上分析,ER_現場名入り売上実績,ER_売上/受注_直近_PRD,摘要勘定科目種別=保証金除外
248150074,工場売上分析,ER_現場名入り売上実績,ER_売上/受注_直近_PRD,新収益集計用カテゴリ
248150074,工場売上分析,ER_現場名入り売上実績,ER_売上/受注_直近_PRD,新規/準新規
248150074,工場売上分析,ER_現場名入り売上実績,ER_売上/受注_直近_PRD,新規粗利予算累計(単位可変)
248150074,工場売上分析,ER_現場名入り売上実績,ER_売上/受注_直近_PRD,新規粗利予算達成率（単位可変）（今日まで）
248150074,工場売上分析,ER_現場名入り売上実績,ER_売上/受注_直近_PRD,新規粗利達成率（単位可変）
248150074,工場売上分析,ER_現場名入り売上実績,ER_売上/受注_直近_PRD,新規／既存
248150074,工場売上分析,ER_現場名入り売上実績,ER_売上/受注_直近_PRD,日付範囲フィルタ
248150074,工場売上分析,ER_現場名入り売上実績,ER_売上/受注_直近_PRD,時間軸
248150074,工場売上分析,ER_現場名入り売上実績,ER_売上/受注_直近_PRD,最新購入日
248150074,工場売上分析,ER_現場名入り売上実績,ER_売上/受注_直近_PRD,月別表示範囲制御
248150074,工場売上分析,ER_現場名入り売上実績,ER_売上/受注_直近_PRD,東京実績
248150074,工場売上分析,ER_現場名入り売上実績,ER_売上/受注_直近_PRD,東京目標
248150074,工場売上分析,ER_現場名入り売上実績,ER_売上/受注_直近_PRD,法人部分析用商品カテゴリ
248150074,工場売上分析,ER_現場名入り売上実績,ER_売上/受注_直近_PRD,法人部分析用商品カテゴリ表示順
248150074,工場売上分析,ER_現場名入り売上実績,ER_売上/受注_直近_PRD,法人部分析用商品名
248150074,工場売上分析,ER_現場名入り売上実績,ER_売上/受注_直近_PRD,法人部分析用商品表示順
248150074,工場売上分析,ER_現場名入り売上実績,ER_売上/受注_直近_PRD,注文件数
248150074,工場売上分析,ER_現場名入り売上実績,ER_売上/受注_直近_PRD,注文件数（マイカラーシミュレーション）
248150074,工場売上分析,ER_現場名入り売上実績,ER_売上/受注_直近_PRD,注文回数
248150074,工場売上分析,ER_現場名入り売上実績,ER_売上/受注_直近_PRD,無償提供除外
248150074,工場売上分析,ER_現場名入り売上実績,ER_売上/受注_直近_PRD,物件種別_フィルター
248150074,工場売上分析,ER_現場名入り売上実績,ER_売上/受注_直近_PRD,特別値引・無償提供・ポイント値引除外
248150074,工場売上分析,ER_現場名入り売上実績,ER_売上/受注_直近_PRD,特注販促品カウント用備考
248150074,工場売上分析,ER_現場名入り売上実績,ER_売上/受注_直近_PRD,現ポ利用料除外
248150074,工場売上分析,ER_現場名入り売上実績,ER_売上/受注_直近_PRD,現在日付
248150074,工場売上分析,ER_現場名入り売上実績,ER_売上/受注_直近_PRD,目標粗利率（予算種類なし）
248150074,工場売上分析,ER_現場名入り売上実績,ER_売上/受注_直近_PRD,福岡実績
248150074,工場売上分析,ER_現場名入り売上実績,ER_売上/受注_直近_PRD,福岡目標
248150074,工場売上分析,ER_現場名入り売上実績,ER_売上/受注_直近_PRD,稼働フラグ（60万以上）
248150074,工場売上分析,ER_現場名入り売上実績,ER_売上/受注_直近_PRD,粗利予実差異
248150074,工場売上分析,ER_現場名入り売上実績,ER_売上/受注_直近_PRD,粗利予算(36期新規粗利_Individual)
248150074,工場売上分析,ER_現場名入り売上実績,ER_売上/受注_直近_PRD,粗利予算(37期新規粗利_Unit)
248150074,工場売上分析,ER_現場名入り売上実績,ER_売上/受注_直近_PRD,粗利予算(Unit)
248150074,工場売上分析,ER_現場名入り売上実績,ER_売上/受注_直近_PRD,粗利予算(office)
248150074,工場売上分析,ER_現場名入り売上実績,ER_売上/受注_直近_PRD,粗利予算(新規粗利_Unit)
248150074,工場売上分析,ER_現場名入り売上実績,ER_売上/受注_直近_PRD,粗利予算(準新規_Team)
248150074,工場売上分析,ER_現場名入り売上実績,ER_売上/受注_直近_PRD,粗利予算(準新規_office)
248150074,工場売上分析,ER_現場名入り売上実績,ER_売上/受注_直近_PRD,粗利予算累計
248150074,工場売上分析,ER_現場名入り売上実績,ER_売上/受注_直近_PRD,粗利予算累計(単位可変)
248150074,工場売上分析,ER_現場名入り売上実績,ER_売上/受注_直近_PRD,粗利予算累計(単位可変)［予算種類部分一致］
248150074,工場売上分析,ER_現場名入り売上実績,ER_売上/受注_直近_PRD,粗利予算達成率
248150074,工場売上分析,ER_現場名入り売上実績,ER_売上/受注_直近_PRD,粗利予算達成率(37期新規粗利_Unit)
248150074,工場売上分析,ER_現場名入り売上実績,ER_売上/受注_直近_PRD,粗利予算達成率(37期新規粗利_Unit・今日まで)
248150074,工場売上分析,ER_現場名入り売上実績,ER_売上/受注_直近_PRD,粗利予算達成率(Unit)
248150074,工場売上分析,ER_現場名入り売上実績,ER_売上/受注_直近_PRD,粗利予算達成率(Unit・今日まで)
248150074,工場売上分析,ER_現場名入り売上実績,ER_売上/受注_直近_PRD,粗利予算達成率(office)
248150074,工場売上分析,ER_現場名入り売上実績,ER_売上/受注_直近_PRD,粗利予算達成率(office・今日まで)
248150074,工場売上分析,ER_現場名入り売上実績,ER_売上/受注_直近_PRD,粗利予算達成率(当期新規粗利_Unit)
248150074,工場売上分析,ER_現場名入り売上実績,ER_売上/受注_直近_PRD,粗利予算達成率(準新規_Team)
248150074,工場売上分析,ER_現場名入り売上実績,ER_売上/受注_直近_PRD,粗利予算達成率(準新規_Team・今日まで)
248150074,工場売上分析,ER_現場名入り売上実績,ER_売上/受注_直近_PRD,粗利予算達成率（今日まで）
248150074,工場売上分析,ER_現場名入り売上実績,ER_売上/受注_直近_PRD,粗利予算達成率（単位可変）
248150074,工場売上分析,ER_現場名入り売上実績,ER_売上/受注_直近_PRD,粗利予算達成率（単位可変）（今日まで）
248150074,工場売上分析,ER_現場名入り売上実績,ER_売上/受注_直近_PRD,粗利予算達成率（法人営業部用）
248150074,工場売上分析,ER_現場名入り売上実績,ER_売上/受注_直近_PRD,粗利予算額(36期新規粗利_Individual・今日まで)
248150074,工場売上分析,ER_現場名入り売上実績,ER_売上/受注_直近_PRD,粗利予算額(36期新規粗利_Unit・今日まで)
248150074,工場売上分析,ER_現場名入り売上実績,ER_売上/受注_直近_PRD,粗利予算額(37期新規粗利_Unit・今日まで)
248150074,工場売上分析,ER_現場名入り売上実績,ER_売上/受注_直近_PRD,粗利予算額(新規粗利_Unit・今日まで)
248150074,工場売上分析,ER_現場名入り売上実績,ER_売上/受注_直近_PRD,粗利予算額(準新規_Team・今日まで)
248150074,工場売上分析,ER_現場名入り売上実績,ER_売上/受注_直近_PRD,粗利予算額（Unit・今日まで）
248150074,工場売上分析,ER_現場名入り売上実績,ER_売上/受注_直近_PRD,粗利予算額（office・今日まで）
248150074,工場売上分析,ER_現場名入り売上実績,ER_売上/受注_直近_PRD,粗利予算額（今日まで）
248150074,工場売上分析,ER_現場名入り売上実績,ER_売上/受注_直近_PRD,粗利率予実差異
248150074,工場売上分析,ER_現場名入り売上実績,ER_売上/受注_直近_PRD,粗利累計
248150074,工場売上分析,ER_現場名入り売上実績,ER_売上/受注_直近_PRD,粗利過不足
248150074,工場売上分析,ER_現場名入り売上実績,ER_売上/受注_直近_PRD,粗利過不足（予算種類なし)
248150074,工場売上分析,ER_現場名入り売上実績,ER_売上/受注_直近_PRD,粗利達成率
248150074,工場売上分析,ER_現場名入り売上実績,ER_売上/受注_直近_PRD,粗利達成率（単位可変）
248150074,工場売上分析,ER_現場名入り売上実績,ER_売上/受注_直近_PRD,粗利達成率（単位可変）［予算種類部分一致］
248150074,工場売上分析,ER_現場名入り売上実績,ER_売上/受注_直近_PRD,粗利達成率（単位可変）［予算種類部分一致］（今日まで）
248150074,工場売上分析,ER_現場名入り売上実績,ER_売上/受注_直近_PRD,粗利達成率（単位可変）［予算種類部分一致］［アステック加盟種別＝新規］
248150074,工場売上分析,ER_現場名入り売上実績,ER_売上/受注_直近_PRD,粗利額(単位:千円)
248150074,工場売上分析,ER_現場名入り売上実績,ER_売上/受注_直近_PRD,粗利額(平均予測)
248150074,工場売上分析,ER_現場名入り売上実績,ER_売上/受注_直近_PRD,粗利額(平均予測:月末)
248150074,工場売上分析,ER_現場名入り売上実績,ER_売上/受注_直近_PRD,粗利額(平均予測:月次)
248150074,工場売上分析,ER_現場名入り売上実績,ER_売上/受注_直近_PRD,粗利額(色分用)
248150074,工場売上分析,ER_現場名入り売上実績,ER_売上/受注_直近_PRD,粗利額（アステック加盟種別＝新規）
248150074,工場売上分析,ER_現場名入り売上実績,ER_売上/受注_直近_PRD,粗利額（今年）
248150074,工場売上分析,ER_現場名入り売上実績,ER_売上/受注_直近_PRD,系統別売上大分類
248150074,工場売上分析,ER_現場名入り売上実績,ER_売上/受注_直近_PRD,系統別売上表用ソート
248150074,工場売上分析,ER_現場名入り売上実績,ER_売上/受注_直近_PRD,系統別売上表用表示(細分化)
248150074,工場売上分析,ER_現場名入り売上実績,ER_売上/受注_直近_PRD,系統別売上表用詳細ソート
248150074,工場売上分析,ER_現場名入り売上実績,ER_売上/受注_直近_PRD,累計売上購入額
248150074,工場売上分析,ER_現場名入り売上実績,ER_売上/受注_直近_PRD,累計購入回数
248150074,工場売上分析,ER_現場名入り売上実績,ER_売上/受注_直近_PRD,累計購入粗利益
248150074,工場売上分析,ER_現場名入り売上実績,ER_売上/受注_直近_PRD,缶数
248150074,工場売上分析,ER_現場名入り売上実績,ER_売上/受注_直近_PRD,缶数（送料・値引き除外）
248150074,工場売上分析,ER_現場名入り売上実績,ER_売上/受注_直近_PRD,表示順（分類名）
248150074,工場売上分析,ER_現場名入り売上実績,ER_売上/受注_直近_PRD,販促品カウント用売上.商品名
248150074,工場売上分析,ER_現場名入り売上実績,ER_売上/受注_直近_PRD,販促品数量
248150074,工場売上分析,ER_現場名入り売上実績,ER_売上/受注_直近_PRD,赤伝年会費
248150074,工場売上分析,ER_現場名入り売上実績,ER_売上/受注_直近_PRD,部数
248150074,工場売上分析,ER_現場名入り売上実績,ER_売上/受注_直近_PRD,集計対象現場
248150074,工場売上分析,ER_現場名入り売上実績,ER_売上/受注_直近_PRD,集計軸①
248150074,工場売上分析,ER_現場名入り売上実績,ER_売上/受注_直近_PRD,集計軸①ID
248150074,工場売上分析,ER_現場名入り売上実績,ER_売上/受注_直近_PRD,集計軸②
248150074,工場売上分析,ER_現場名入り売上実績,ER_売上/受注_直近_PRD,集計軸②ID
248150074,工場売上分析,ER_現場名入り売上実績,ER_売上/受注_直近_PRD,集計軸③
248150074,工場売上分析,ER_現場名入り売上実績,ER_売上/受注_直近_PRD,集計軸③ID
248150074,工場売上分析,ER_現場名入り売上実績,ER_売上/受注_直近_PRD,集計軸④
248150074,工場売上分析,ER_現場名入り売上実績,ER_売上/受注_直近_PRD,集計軸④ID
248150074,工場売上分析,ER_現場名入り売上実績,ER_売上/受注_直近_PRD,集計軸⑤
248150074,工場売上分析,ER_現場名入り売上実績,ER_売上/受注_直近_PRD,集計軸⑤ID
248150074,工場売上分析,ER_現場名入り売上実績,ER_売上/受注_直近_PRD,顧客ID（表示）
248150074,工場売上分析,ER_現場名入り売上実績,ER_売上/受注_直近_PRD,顧客会社数
248150074,工場売上分析,ER_現場名入り売上実績,ER_売上/受注_直近_PRD,顧客会社数_粗利額>1(年・契・参除く)_東京
248150074,工場売上分析,ER_現場名入り売上実績,ER_売上/受注_直近_PRD,顧客会社数_粗利額>1(年・契・参除く)（アステック加盟種別＝新規）_東京
248150074,工場売上分析,ER_現場名入り売上実績,ER_売上/受注_直近_PRD,顧客会社数アステック加盟種別＝新規）
248150074,工場売上分析,ER_現場名入り売上実績,ER_売上/受注_直近_PRD,顧客名
248150074,工場売上分析,ER_現場名入り売上実績,ER_売上/受注_直近_PRD,顧客名_02
248150074,工場売上分析,ER_現場名入り売上実績,ER_売上/受注_直近_PRD,顧客契約日（期）
248150074,工場売上分析,ER_現場名入り売上実績,ER_売上/受注_直近_PRD,顧客部3営業所
248150074,工場売上分析,ER_現場名入り売上実績,ER_売上/受注_直近_PRD,高付加価値/材料
248150074,工場売上分析,ER_現場名入り売上実績,ER_売上/受注_直近_PRD,高単価(ﾘﾌｧｲﾝMF･ﾘﾌｧｲﾝ無機)比率
248150074,工場売上分析,ER_現場名入り売上実績,ER_売上/受注_直近_PRD,高単価(ﾘﾌｧｲﾝMF･ﾘﾌｧｲﾝ無機)缶数
836254252,物件種別修正用,ER_現場名入り売上実績,ER_売上/受注_直近_PRD, CMS用新規カテゴリ表示順
836254252,物件種別修正用,ER_現場名入り売上実績,ER_売上/受注_直近_PRD,#売上年
836254252,物件種別修正用,ER_現場名入り売上実績,ER_売上/受注_直近_PRD,#目標粗利率
836254252,物件種別修正用,ER_現場名入り売上実績,ER_売上/受注_直近_PRD,#粗利率
836254252,物件種別修正用,ER_現場名入り売上実績,ER_売上/受注_直近_PRD,2026年_おうちReカバー_条件
836254252,物件種別修正用,ER_現場名入り売上実績,ER_売上/受注_直近_PRD,38期Reカバーチーム
836254252,物件種別修正用,ER_現場名入り売上実績,ER_売上/受注_直近_PRD,APS
836254252,物件種別修正用,ER_現場名入り売上実績,ER_売上/受注_直近_PRD,APS以外（8.5%）プロタイムズ専用
836254252,物件種別修正用,ER_現場名入り売上実績,ER_売上/受注_直近_PRD,APS（2%）プロタイムズ専用
836254252,物件種別修正用,ER_現場名入り売上実績,ER_売上/受注_直近_PRD,AP営業所名表示順
836254252,物件種別修正用,ER_現場名入り売上実績,ER_売上/受注_直近_PRD,AP営業所名（受注時）表示順
836254252,物件種別修正用,ER_現場名入り売上実績,ER_売上/受注_直近_PRD,AP担当者ID（0消し）
836254252,物件種別修正用,ER_現場名入り売上実績,ER_売上/受注_直近_PRD,AP担当者名 (表示順)
836254252,物件種別修正用,ER_現場名入り売上実績,ER_売上/受注_直近_PRD,CMS_加盟店材料別_塗料の表示順
836254252,物件種別修正用,ER_現場名入り売上実績,ER_売上/受注_直近_PRD,CMS_加盟店材料別_塗料カテゴリ
836254252,物件種別修正用,ER_現場名入り売上実績,ER_売上/受注_直近_PRD,CMS_加盟店材料別_塗料カテゴリ表示順
836254252,物件種別修正用,ER_現場名入り売上実績,ER_売上/受注_直近_PRD,CMS用カテゴリ
836254252,物件種別修正用,ER_現場名入り売上実績,ER_売上/受注_直近_PRD,CMS用新規カテゴリ
836254252,物件種別修正用,ER_現場名入り売上実績,ER_売上/受注_直近_PRD,GV商品
836254252,物件種別修正用,ER_現場名入り売上実績,ER_売上/受注_直近_PRD,ID
836254252,物件種別修正用,ER_現場名入り売上実績,ER_売上/受注_直近_PRD,PT売上予算
836254252,物件種別修正用,ER_現場名入り売上実績,ER_売上/受注_直近_PRD,PT売上予算累計
836254252,物件種別修正用,ER_現場名入り売上実績,ER_売上/受注_直近_PRD,PT売上予算達成率
836254252,物件種別修正用,ER_現場名入り売上実績,ER_売上/受注_直近_PRD,PT手数料
836254252,物件種別修正用,ER_現場名入り売上実績,ER_売上/受注_直近_PRD,PT手数料(平均予測)
836254252,物件種別修正用,ER_現場名入り売上実績,ER_売上/受注_直近_PRD,PT手数料(平均予測:月次)
836254252,物件種別修正用,ER_現場名入り売上実績,ER_売上/受注_直近_PRD,PT手数料(色分用)
836254252,物件種別修正用,ER_現場名入り売上実績,ER_売上/受注_直近_PRD,PT手数料予算(可変)
836254252,物件種別修正用,ER_現場名入り売上実績,ER_売上/受注_直近_PRD,PT手数料予算累計
836254252,物件種別修正用,ER_現場名入り売上実績,ER_売上/受注_直近_PRD,PT手数料目標達成率（24年~14%Ver）
836254252,物件種別修正用,ER_現場名入り売上実績,ER_売上/受注_直近_PRD,PT手数料累計
836254252,物件種別修正用,ER_現場名入り売上実績,ER_売上/受注_直近_PRD,PT手数料累計（24年~14%Ver）
836254252,物件種別修正用,ER_現場名入り売上実績,ER_売上/受注_直近_PRD,PT手数料（24年~14%Ver）
836254252,物件種別修正用,ER_現場名入り売上実績,ER_売上/受注_直近_PRD,PT退会日_IS_NULL
836254252,物件種別修正用,ER_現場名入り売上実績,ER_売上/受注_直近_PRD,Reカバーチーム順
836254252,物件種別修正用,ER_現場名入り売上実績,ER_売上/受注_直近_PRD,SE＋IS
836254252,物件種別修正用,ER_現場名入り売上実績,ER_売上/受注_直近_PRD,おうちReカバーカテゴリ並び順（全体用）
836254252,物件種別修正用,ER_現場名入り売上実績,ER_売上/受注_直近_PRD,おうちReカバーカテゴリ並び順（顧客部用）
836254252,物件種別修正用,ER_現場名入り売上実績,ER_売上/受注_直近_PRD,おうちReカバー用営業所
836254252,物件種別修正用,ER_現場名入り売上実績,ER_売上/受注_直近_PRD,おうちReカバー用営業所並び順
836254252,物件種別修正用,ER_現場名入り売上実績,ER_売上/受注_直近_PRD,おうちReカバー親カテゴリ（予算込み）
836254252,物件種別修正用,ER_現場名入り売上実績,ER_売上/受注_直近_PRD,おうちReカバー集計カテゴリ（全体用）
836254252,物件種別修正用,ER_現場名入り売上実績,ER_売上/受注_直近_PRD,おうちReカバー集計カテゴリ（全体用）_アップデート
836254252,物件種別修正用,ER_現場名入り売上実績,ER_売上/受注_直近_PRD,おうちReカバー集計カテゴリ（全体販促品用）
836254252,物件種別修正用,ER_現場名入り売上実績,ER_売上/受注_直近_PRD,おうちReカバー集計カテゴリ（太陽光発電）
836254252,物件種別修正用,ER_現場名入り売上実績,ER_売上/受注_直近_PRD,おうちReカバー集計カテゴリ（顧客部用）
836254252,物件種別修正用,ER_現場名入り売上実績,ER_売上/受注_直近_PRD,アステック加盟種別名
836254252,物件種別修正用,ER_現場名入り売上実績,ER_売上/受注_直近_PRD,アパマン売上
836254252,物件種別修正用,ER_現場名入り売上実績,ER_売上/受注_直近_PRD,アパマン工場倉庫売上合計
836254252,物件種別修正用,ER_現場名入り売上実績,ER_売上/受注_直近_PRD,カイゼンリペイント
836254252,物件種別修正用,ER_現場名入り売上実績,ER_売上/受注_直近_PRD,カテゴリ構成比用表示
836254252,物件種別修正用,ER_現場名入り売上実績,ER_売上/受注_直近_PRD,チーム別予算達成率
836254252,物件種別修正用,ER_現場名入り売上実績,ER_売上/受注_直近_PRD,パンフレット建物区分
836254252,物件種別修正用,ER_現場名入り売上実績,ER_売上/受注_直近_PRD,プロタイムズ加盟種別
836254252,物件種別修正用,ER_現場名入り売上実績,ER_売上/受注_直近_PRD,プロタイムズ対象データ(SV有無チェック)
836254252,物件種別修正用,ER_現場名入り売上実績,ER_売上/受注_直近_PRD,プロタイムズ注文除外
836254252,物件種別修正用,ER_現場名入り売上実績,ER_売上/受注_直近_PRD,ボリュームディスカウント値引き合計（プロタイムズ専用）
836254252,物件種別修正用,ER_現場名入り売上実績,ER_売上/受注_直近_PRD,マイカラー
836254252,物件種別修正用,ER_現場名入り売上実績,ER_売上/受注_直近_PRD,一社当たり売上
836254252,物件種別修正用,ER_現場名入り売上実績,ER_売上/受注_直近_PRD,一社当たり粗利
836254252,物件種別修正用,ER_現場名入り売上実績,ER_売上/受注_直近_PRD,一部規格4ID除外
836254252,物件種別修正用,ER_現場名入り売上実績,ER_売上/受注_直近_PRD,上塗材数量
836254252,物件種別修正用,ER_現場名入り売上実績,ER_売上/受注_直近_PRD,上塗材数量 (Merged from datasource: fdbbe4dc-f969-48d9-8446-6dcf53ad3f6e)
836254252,物件種別修正用,ER_現場名入り売上実績,ER_売上/受注_直近_PRD,主要9商品
836254252,物件種別修正用,ER_現場名入り売上実績,ER_売上/受注_直近_PRD,主要商品対象
836254252,物件種別修正用,ER_現場名入り売上実績,ER_売上/受注_直近_PRD,予測売上額（PL予算）
836254252,物件種別修正用,ER_現場名入り売上実績,ER_売上/受注_直近_PRD,予測粗利額（PL予算）
836254252,物件種別修正用,ER_現場名入り売上実績,ER_売上/受注_直近_PRD,予測達成率
836254252,物件種別修正用,ER_現場名入り売上実績,ER_売上/受注_直近_PRD,予測達成率（PL予算）
836254252,物件種別修正用,ER_現場名入り売上実績,ER_売上/受注_直近_PRD,予測達成率（売上）（PL予算）
836254252,物件種別修正用,ER_現場名入り売上実績,ER_売上/受注_直近_PRD,予測達成率（粗利）
836254252,物件種別修正用,ER_現場名入り売上実績,ER_売上/受注_直近_PRD,予測達成率（粗利）（PL予算）
836254252,物件種別修正用,ER_現場名入り売上実績,ER_売上/受注_直近_PRD,予算有無
836254252,物件種別修正用,ER_現場名入り売上実績,ER_売上/受注_直近_PRD,代理店値引きフラグ
836254252,物件種別修正用,ER_現場名入り売上実績,ER_売上/受注_直近_PRD,低単価比率
836254252,物件種別修正用,ER_現場名入り売上実績,ER_売上/受注_直近_PRD,価格ランク名（リファイン購入可否込）
836254252,物件種別修正用,ER_現場名入り売上実績,ER_売上/受注_直近_PRD,個人別予算達成率
836254252,物件種別修正用,ER_現場名入り売上実績,ER_売上/受注_直近_PRD,個人別予算達成率（売上額/予算額）
836254252,物件種別修正用,ER_現場名入り売上実績,ER_売上/受注_直近_PRD,個人別売上累計
836254252,物件種別修正用,ER_現場名入り売上実績,ER_売上/受注_直近_PRD,個人別実績値(可変)
836254252,物件種別修正用,ER_現場名入り売上実績,ER_売上/受注_直近_PRD,個人別粗利累計
836254252,物件種別修正用,ER_現場名入り売上実績,ER_売上/受注_直近_PRD,値引フィルタ(ヤマホ)
836254252,物件種別修正用,ER_現場名入り売上実績,ER_売上/受注_直近_PRD,値引額（PLジャパン株式会社）
836254252,物件種別修正用,ER_現場名入り売上実績,ER_売上/受注_直近_PRD,値引額（ヤマホ）
836254252,物件種別修正用,ER_現場名入り売上実績,ER_売上/受注_直近_PRD,元請住宅塗装チャネル粗利予算（office）
836254252,物件種別修正用,ER_現場名入り売上実績,ER_売上/受注_直近_PRD,元請住宅塗装チャネル粗利額
836254252,物件種別修正用,ER_現場名入り売上実績,ER_売上/受注_直近_PRD,出荷比率_東京
836254252,物件種別修正用,ER_現場名入り売上実績,ER_売上/受注_直近_PRD,出荷比率（アステック加盟種別＝新規）_東京
836254252,物件種別修正用,ER_現場名入り売上実績,ER_売上/受注_直近_PRD,出荷済受注
836254252,物件種別修正用,ER_現場名入り売上実績,ER_売上/受注_直近_PRD,分類(経理)
836254252,物件種別修正用,ER_現場名入り売上実績,ER_売上/受注_直近_PRD,分類名（リファイン_屋根壁分割）
836254252,物件種別修正用,ER_現場名入り売上実績,ER_売上/受注_直近_PRD,分類名（大阪営業所出荷確認用）2
836254252,物件種別修正用,ER_現場名入り売上実績,ER_売上/受注_直近_PRD,分類名（東京営業所出荷確認用）
836254252,物件種別修正用,ER_現場名入り売上実績,ER_売上/受注_直近_PRD,分類名（福岡営業所出荷確認用）　
836254252,物件種別修正用,ER_現場名入り売上実績,ER_売上/受注_直近_PRD,初回購入日
836254252,物件種別修正用,ER_現場名入り売上実績,ER_売上/受注_直近_PRD,加盟店ランク(受注時)表示順
836254252,物件種別修正用,ER_現場名入り売上実績,ER_売上/受注_直近_PRD,加盟店ランク名表示順
836254252,物件種別修正用,ER_現場名入り売上実績,ER_売上/受注_直近_PRD,加盟店名_02
836254252,物件種別修正用,ER_現場名入り売上実績,ER_売上/受注_直近_PRD,加盟店子ランク表示順
836254252,物件種別修正用,ER_現場名入り売上実績,ER_売上/受注_直近_PRD,加盟月から1年間の売上額
836254252,物件種別修正用,ER_現場名入り売上実績,ER_売上/受注_直近_PRD,加盟月から1年間の粗利額
836254252,物件種別修正用,ER_現場名入り売上実績,ER_売上/受注_直近_PRD,加盟月から4か月の売上額
836254252,物件種別修正用,ER_現場名入り売上実績,ER_売上/受注_直近_PRD,加盟月から4か月の粗利額
836254252,物件種別修正用,ER_現場名入り売上実績,ER_売上/受注_直近_PRD,合計
836254252,物件種別修正用,ER_現場名入り売上実績,ER_売上/受注_直近_PRD,商品カテゴリ(親カテゴリ)
836254252,物件種別修正用,ER_現場名入り売上実績,ER_売上/受注_直近_PRD,商品グループ
836254252,物件種別修正用,ER_現場名入り売上実績,ER_売上/受注_直近_PRD,商品分類(顧客事業部)
836254252,物件種別修正用,ER_現場名入り売上実績,ER_売上/受注_直近_PRD,商品分類(顧客事業部)表示順
836254252,物件種別修正用,ER_現場名入り売上実績,ER_売上/受注_直近_PRD,商品分類別予算達成率
836254252,物件種別修正用,ER_現場名入り売上実績,ER_売上/受注_直近_PRD,商品別予算達成率分子(実績)
836254252,物件種別修正用,ER_現場名入り売上実績,ER_売上/受注_直近_PRD,商品別予算達成率分母(計画)
836254252,物件種別修正用,ER_現場名入り売上実績,ER_売上/受注_直近_PRD,商品別売上予算額(単位可変)［予算種類部分一致］
836254252,物件種別修正用,ER_現場名入り売上実績,ER_売上/受注_直近_PRD,商品別売上達成率（単位可変）（今日まで）
836254252,物件種別修正用,ER_現場名入り売上実績,ER_売上/受注_直近_PRD,商品別売上達成率（単位可変）［予算種類部分一致］
836254252,物件種別修正用,ER_現場名入り売上実績,ER_売上/受注_直近_PRD,商品数
836254252,物件種別修正用,ER_現場名入り売上実績,ER_売上/受注_直近_PRD,商品系統別構成比リンク
836254252,物件種別修正用,ER_現場名入り売上実績,ER_売上/受注_直近_PRD,商品系統売上達成率
836254252,物件種別修正用,ER_現場名入り売上実績,ER_売上/受注_直近_PRD,商品系統売上達成率(累計)
836254252,物件種別修正用,ER_現場名入り売上実績,ER_売上/受注_直近_PRD,商品系統達成率表示順
836254252,物件種別修正用,ER_現場名入り売上実績,ER_売上/受注_直近_PRD,営業所(分類経理用)
836254252,物件種別修正用,ER_現場名入り売上実績,ER_売上/受注_直近_PRD,営業所順
836254252,物件種別修正用,ER_現場名入り売上実績,ER_売上/受注_直近_PRD,塗料系統別（マルチエースを含む）
836254252,物件種別修正用,ER_現場名入り売上実績,ER_売上/受注_直近_PRD,塗料系統順（屋根）_東京
836254252,物件種別修正用,ER_現場名入り売上実績,ER_売上/受注_直近_PRD,売上.原価
836254252,物件種別修正用,ER_現場名入り売上実績,ER_売上/受注_直近_PRD,売上シェア
836254252,物件種別修正用,ER_現場名入り売上実績,ER_売上/受注_直近_PRD,売上予実差異
836254252,物件種別修正用,ER_現場名入り売上実績,ER_売上/受注_直近_PRD,売上予算(加盟店予算)
836254252,物件種別修正用,ER_現場名入り売上実績,ER_売上/受注_直近_PRD,売上予算(商品別_unit・今日まで)
836254252,物件種別修正用,ER_現場名入り売上実績,ER_売上/受注_直近_PRD,売上予算(新規売上_Unit)
836254252,物件種別修正用,ER_現場名入り売上実績,ER_売上/受注_直近_PRD,売上予算(準新規_Unit)
836254252,物件種別修正用,ER_現場名入り売上実績,ER_売上/受注_直近_PRD,売上予算累計
836254252,物件種別修正用,ER_現場名入り売上実績,ER_売上/受注_直近_PRD,売上予算累計(集計単位可変)
836254252,物件種別修正用,ER_現場名入り売上実績,ER_売上/受注_直近_PRD,売上予算達成率
836254252,物件種別修正用,ER_現場名入り売上実績,ER_売上/受注_直近_PRD,売上予算達成率(office)
836254252,物件種別修正用,ER_現場名入り売上実績,ER_売上/受注_直近_PRD,売上予算達成率(office_CMS)
836254252,物件種別修正用,ER_現場名入り売上実績,ER_売上/受注_直近_PRD,売上予算達成率(office・今日まで)
836254252,物件種別修正用,ER_現場名入り売上実績,ER_売上/受注_直近_PRD,売上予算達成率(unit)
836254252,物件種別修正用,ER_現場名入り売上実績,ER_売上/受注_直近_PRD,売上予算達成率(unit・今日まで)
836254252,物件種別修正用,ER_現場名入り売上実績,ER_売上/受注_直近_PRD,売上予算達成率(今期新規売上_Unit)
836254252,物件種別修正用,ER_現場名入り売上実績,ER_売上/受注_直近_PRD,売上予算達成率(今期新規売上_Unit・今日まで)
836254252,物件種別修正用,ER_現場名入り売上実績,ER_売上/受注_直近_PRD,売上予算達成率(商品別_Team)
836254252,物件種別修正用,ER_現場名入り売上実績,ER_売上/受注_直近_PRD,売上予算達成率(商品別_unit)
836254252,物件種別修正用,ER_現場名入り売上実績,ER_売上/受注_直近_PRD,売上予算達成率(商品別_unit・今日まで)
836254252,物件種別修正用,ER_現場名入り売上実績,ER_売上/受注_直近_PRD,売上予算達成率(準新規_Unit)
836254252,物件種別修正用,ER_現場名入り売上実績,ER_売上/受注_直近_PRD,売上予算達成率（今日まで）
836254252,物件種別修正用,ER_現場名入り売上実績,ER_売上/受注_直近_PRD,売上予算額(office)
836254252,物件種別修正用,ER_現場名入り売上実績,ER_売上/受注_直近_PRD,売上予算額(今期新規売上_Unit・今日まで)
836254252,物件種別修正用,ER_現場名入り売上実績,ER_売上/受注_直近_PRD,売上予算額(単位可変)
836254252,物件種別修正用,ER_現場名入り売上実績,ER_売上/受注_直近_PRD,売上予算額(単位可変)［予算種類部分一致］
836254252,物件種別修正用,ER_現場名入り売上実績,ER_売上/受注_直近_PRD,売上予算額合計
836254252,物件種別修正用,ER_現場名入り売上実績,ER_売上/受注_直近_PRD,売上予算額（Unit・今日まで）
836254252,物件種別修正用,ER_現場名入り売上実績,ER_売上/受注_直近_PRD,売上予算額（office・今日まで）
836254252,物件種別修正用,ER_現場名入り売上実績,ER_売上/受注_直近_PRD,売上予算額（キーエンスPJ用CL予算）
836254252,物件種別修正用,ER_現場名入り売上実績,ER_売上/受注_直近_PRD,売上予算額（今日まで）
836254252,物件種別修正用,ER_現場名入り売上実績,ER_売上/受注_直近_PRD,売上予算（Unit)
836254252,物件種別修正用,ER_現場名入り売上実績,ER_売上/受注_直近_PRD,売上予算（商品別_Team）
836254252,物件種別修正用,ER_現場名入り売上実績,ER_売上/受注_直近_PRD,売上予算（商品別_unit）
836254252,物件種別修正用,ER_現場名入り売上実績,ER_売上/受注_直近_PRD,売上合計
836254252,物件種別修正用,ER_現場名入り売上実績,ER_売上/受注_直近_PRD,売上年月
836254252,物件種別修正用,ER_現場名入り売上実績,ER_売上/受注_直近_PRD,売上年月 
836254252,物件種別修正用,ER_現場名入り売上実績,ER_売上/受注_直近_PRD,売上年月(フィルタ)
836254252,物件種別修正用,ER_現場名入り売上実績,ER_売上/受注_直近_PRD,売上日（CMS）
836254252,物件種別修正用,ER_現場名入り売上実績,ER_売上/受注_直近_PRD,売上時期
836254252,物件種別修正用,ER_現場名入り売上実績,ER_売上/受注_直近_PRD,売上期
836254252,物件種別修正用,ER_現場名入り売上実績,ER_売上/受注_直近_PRD,売上累計
836254252,物件種別修正用,ER_現場名入り売上実績,ER_売上/受注_直近_PRD,売上見込み
836254252,物件種別修正用,ER_現場名入り売上実績,ER_売上/受注_直近_PRD,売上過不足
836254252,物件種別修正用,ER_現場名入り売上実績,ER_売上/受注_直近_PRD,売上過不足(今日まで)
836254252,物件種別修正用,ER_現場名入り売上実績,ER_売上/受注_直近_PRD,売上過不足（予算種類なし）
836254252,物件種別修正用,ER_現場名入り売上実績,ER_売上/受注_直近_PRD,売上達成率
836254252,物件種別修正用,ER_現場名入り売上実績,ER_売上/受注_直近_PRD,売上達成率（単位可変）（今日まで）
836254252,物件種別修正用,ER_現場名入り売上実績,ER_売上/受注_直近_PRD,売上達成率（単位可変）［予算種類部分一致］
836254252,物件種別修正用,ER_現場名入り売上実績,ER_売上/受注_直近_PRD,売上額(単位:千円)
836254252,物件種別修正用,ER_現場名入り売上実績,ER_売上/受注_直近_PRD,売上額(平均予測)
836254252,物件種別修正用,ER_現場名入り売上実績,ER_売上/受注_直近_PRD,売上額(平均予測:月末)
836254252,物件種別修正用,ER_現場名入り売上実績,ER_売上/受注_直近_PRD,売上額(平均予測:月次)
836254252,物件種別修正用,ER_現場名入り売上実績,ER_売上/受注_直近_PRD,売上額(色分用)
836254252,物件種別修正用,ER_現場名入り売上実績,ER_売上/受注_直近_PRD,売上額合計
836254252,物件種別修正用,ER_現場名入り売上実績,ER_売上/受注_直近_PRD,売上額（今年）
836254252,物件種別修正用,ER_現場名入り売上実績,ER_売上/受注_直近_PRD,売上／缶数 切替え
836254252,物件種別修正用,ER_現場名入り売上実績,ER_売上/受注_直近_PRD,大阪実績
836254252,物件種別修正用,ER_現場名入り売上実績,ER_売上/受注_直近_PRD,大阪目標
836254252,物件種別修正用,ER_現場名入り売上実績,ER_売上/受注_直近_PRD,契約時期
836254252,物件種別修正用,ER_現場名入り売上実績,ER_売上/受注_直近_PRD,実績予算_値
836254252,物件種別修正用,ER_現場名入り売上実績,ER_売上/受注_直近_PRD,工場アパマン150万円以上
836254252,物件種別修正用,ER_現場名入り売上実績,ER_売上/受注_直近_PRD,工場アパマン150万円未満
836254252,物件種別修正用,ER_現場名入り売上実績,ER_売上/受注_直近_PRD,工場アパマン加盟店（〇）
836254252,物件種別修正用,ER_現場名入り売上実績,ER_売上/受注_直近_PRD,工場倉庫アパマン粗利予算達成率（単位可変）（今日まで）
836254252,物件種別修正用,ER_現場名入り売上実績,ER_売上/受注_直近_PRD,工場倉庫売上
836254252,物件種別修正用,ER_現場名入り売上実績,ER_売上/受注_直近_PRD,平均出荷額_粗利_東京
836254252,物件種別修正用,ER_現場名入り売上実績,ER_売上/受注_直近_PRD,平均出荷額_粗利（アステック加盟種別＝新規）_東京
836254252,物件種別修正用,ER_現場名入り売上実績,ER_売上/受注_直近_PRD,平均単価/現場
836254252,物件種別修正用,ER_現場名入り売上実績,ER_売上/受注_直近_PRD,年会費・預かり保証金・参加費除外
836254252,物件種別修正用,ER_現場名入り売上実績,ER_売上/受注_直近_PRD,年月ジャンプ(売上日ベース)
836254252,物件種別修正用,ER_現場名入り売上実績,ER_売上/受注_直近_PRD,年比較用売上日
836254252,物件種別修正用,ER_現場名入り売上実績,ER_売上/受注_直近_PRD,建物区分名（大型予実確認用）
836254252,物件種別修正用,ER_現場名入り売上実績,ER_売上/受注_直近_PRD,当日売上高
836254252,物件種別修正用,ER_現場名入り売上実績,ER_売上/受注_直近_PRD,当月売上
836254252,物件種別修正用,ER_現場名入り売上実績,ER_売上/受注_直近_PRD,当月売上高
836254252,物件種別修正用,ER_現場名入り売上実績,ER_売上/受注_直近_PRD,摘要勘定科目種別=保証金除外
836254252,物件種別修正用,ER_現場名入り売上実績,ER_売上/受注_直近_PRD,新収益集計用カテゴリ
836254252,物件種別修正用,ER_現場名入り売上実績,ER_売上/受注_直近_PRD,新規/準新規
836254252,物件種別修正用,ER_現場名入り売上実績,ER_売上/受注_直近_PRD,新規粗利予算累計(単位可変)
836254252,物件種別修正用,ER_現場名入り売上実績,ER_売上/受注_直近_PRD,新規粗利予算達成率（単位可変）（今日まで）
836254252,物件種別修正用,ER_現場名入り売上実績,ER_売上/受注_直近_PRD,新規粗利達成率（単位可変）
836254252,物件種別修正用,ER_現場名入り売上実績,ER_売上/受注_直近_PRD,新規／既存
836254252,物件種別修正用,ER_現場名入り売上実績,ER_売上/受注_直近_PRD,日付範囲フィルタ
836254252,物件種別修正用,ER_現場名入り売上実績,ER_売上/受注_直近_PRD,時間軸
836254252,物件種別修正用,ER_現場名入り売上実績,ER_売上/受注_直近_PRD,最新購入日
836254252,物件種別修正用,ER_現場名入り売上実績,ER_売上/受注_直近_PRD,月別表示範囲制御
836254252,物件種別修正用,ER_現場名入り売上実績,ER_売上/受注_直近_PRD,東京実績
836254252,物件種別修正用,ER_現場名入り売上実績,ER_売上/受注_直近_PRD,東京目標
836254252,物件種別修正用,ER_現場名入り売上実績,ER_売上/受注_直近_PRD,法人部分析用商品カテゴリ
836254252,物件種別修正用,ER_現場名入り売上実績,ER_売上/受注_直近_PRD,法人部分析用商品カテゴリ表示順
836254252,物件種別修正用,ER_現場名入り売上実績,ER_売上/受注_直近_PRD,法人部分析用商品名
836254252,物件種別修正用,ER_現場名入り売上実績,ER_売上/受注_直近_PRD,法人部分析用商品表示順
836254252,物件種別修正用,ER_現場名入り売上実績,ER_売上/受注_直近_PRD,注文件数
836254252,物件種別修正用,ER_現場名入り売上実績,ER_売上/受注_直近_PRD,注文件数（マイカラーシミュレーション）
836254252,物件種別修正用,ER_現場名入り売上実績,ER_売上/受注_直近_PRD,注文回数
836254252,物件種別修正用,ER_現場名入り売上実績,ER_売上/受注_直近_PRD,無償提供除外
836254252,物件種別修正用,ER_現場名入り売上実績,ER_売上/受注_直近_PRD,物件種別_フィルター
836254252,物件種別修正用,ER_現場名入り売上実績,ER_売上/受注_直近_PRD,特別値引・無償提供・ポイント値引除外
836254252,物件種別修正用,ER_現場名入り売上実績,ER_売上/受注_直近_PRD,特注販促品カウント用備考
836254252,物件種別修正用,ER_現場名入り売上実績,ER_売上/受注_直近_PRD,現ポ利用料除外
836254252,物件種別修正用,ER_現場名入り売上実績,ER_売上/受注_直近_PRD,現在日付
836254252,物件種別修正用,ER_現場名入り売上実績,ER_売上/受注_直近_PRD,目標粗利率（予算種類なし）
836254252,物件種別修正用,ER_現場名入り売上実績,ER_売上/受注_直近_PRD,福岡実績
836254252,物件種別修正用,ER_現場名入り売上実績,ER_売上/受注_直近_PRD,福岡目標
836254252,物件種別修正用,ER_現場名入り売上実績,ER_売上/受注_直近_PRD,稼働フラグ（60万以上）
836254252,物件種別修正用,ER_現場名入り売上実績,ER_売上/受注_直近_PRD,粗利予実差異
836254252,物件種別修正用,ER_現場名入り売上実績,ER_売上/受注_直近_PRD,粗利予算(36期新規粗利_Individual)
836254252,物件種別修正用,ER_現場名入り売上実績,ER_売上/受注_直近_PRD,粗利予算(37期新規粗利_Unit)
836254252,物件種別修正用,ER_現場名入り売上実績,ER_売上/受注_直近_PRD,粗利予算(Unit)
836254252,物件種別修正用,ER_現場名入り売上実績,ER_売上/受注_直近_PRD,粗利予算(office)
836254252,物件種別修正用,ER_現場名入り売上実績,ER_売上/受注_直近_PRD,粗利予算(新規粗利_Unit)
836254252,物件種別修正用,ER_現場名入り売上実績,ER_売上/受注_直近_PRD,粗利予算(準新規_Team)
836254252,物件種別修正用,ER_現場名入り売上実績,ER_売上/受注_直近_PRD,粗利予算(準新規_office)
836254252,物件種別修正用,ER_現場名入り売上実績,ER_売上/受注_直近_PRD,粗利予算累計
836254252,物件種別修正用,ER_現場名入り売上実績,ER_売上/受注_直近_PRD,粗利予算累計(単位可変)
836254252,物件種別修正用,ER_現場名入り売上実績,ER_売上/受注_直近_PRD,粗利予算累計(単位可変)［予算種類部分一致］
836254252,物件種別修正用,ER_現場名入り売上実績,ER_売上/受注_直近_PRD,粗利予算達成率
836254252,物件種別修正用,ER_現場名入り売上実績,ER_売上/受注_直近_PRD,粗利予算達成率(37期新規粗利_Unit)
836254252,物件種別修正用,ER_現場名入り売上実績,ER_売上/受注_直近_PRD,粗利予算達成率(37期新規粗利_Unit・今日まで)
836254252,物件種別修正用,ER_現場名入り売上実績,ER_売上/受注_直近_PRD,粗利予算達成率(Unit)
836254252,物件種別修正用,ER_現場名入り売上実績,ER_売上/受注_直近_PRD,粗利予算達成率(Unit・今日まで)
836254252,物件種別修正用,ER_現場名入り売上実績,ER_売上/受注_直近_PRD,粗利予算達成率(office)
836254252,物件種別修正用,ER_現場名入り売上実績,ER_売上/受注_直近_PRD,粗利予算達成率(office・今日まで)
836254252,物件種別修正用,ER_現場名入り売上実績,ER_売上/受注_直近_PRD,粗利予算達成率(当期新規粗利_Unit)
836254252,物件種別修正用,ER_現場名入り売上実績,ER_売上/受注_直近_PRD,粗利予算達成率(準新規_Team)
836254252,物件種別修正用,ER_現場名入り売上実績,ER_売上/受注_直近_PRD,粗利予算達成率(準新規_Team・今日まで)
836254252,物件種別修正用,ER_現場名入り売上実績,ER_売上/受注_直近_PRD,粗利予算達成率（今日まで）
836254252,物件種別修正用,ER_現場名入り売上実績,ER_売上/受注_直近_PRD,粗利予算達成率（単位可変）
836254252,物件種別修正用,ER_現場名入り売上実績,ER_売上/受注_直近_PRD,粗利予算達成率（単位可変）（今日まで）
836254252,物件種別修正用,ER_現場名入り売上実績,ER_売上/受注_直近_PRD,粗利予算達成率（法人営業部用）
836254252,物件種別修正用,ER_現場名入り売上実績,ER_売上/受注_直近_PRD,粗利予算額(36期新規粗利_Individual・今日まで)
836254252,物件種別修正用,ER_現場名入り売上実績,ER_売上/受注_直近_PRD,粗利予算額(36期新規粗利_Unit・今日まで)
836254252,物件種別修正用,ER_現場名入り売上実績,ER_売上/受注_直近_PRD,粗利予算額(37期新規粗利_Unit・今日まで)
836254252,物件種別修正用,ER_現場名入り売上実績,ER_売上/受注_直近_PRD,粗利予算額(新規粗利_Unit・今日まで)
836254252,物件種別修正用,ER_現場名入り売上実績,ER_売上/受注_直近_PRD,粗利予算額(準新規_Team・今日まで)
836254252,物件種別修正用,ER_現場名入り売上実績,ER_売上/受注_直近_PRD,粗利予算額（Unit・今日まで）
836254252,物件種別修正用,ER_現場名入り売上実績,ER_売上/受注_直近_PRD,粗利予算額（office・今日まで）
836254252,物件種別修正用,ER_現場名入り売上実績,ER_売上/受注_直近_PRD,粗利予算額（今日まで）
836254252,物件種別修正用,ER_現場名入り売上実績,ER_売上/受注_直近_PRD,粗利率予実差異
836254252,物件種別修正用,ER_現場名入り売上実績,ER_売上/受注_直近_PRD,粗利累計
836254252,物件種別修正用,ER_現場名入り売上実績,ER_売上/受注_直近_PRD,粗利過不足
836254252,物件種別修正用,ER_現場名入り売上実績,ER_売上/受注_直近_PRD,粗利過不足（予算種類なし)
836254252,物件種別修正用,ER_現場名入り売上実績,ER_売上/受注_直近_PRD,粗利達成率
836254252,物件種別修正用,ER_現場名入り売上実績,ER_売上/受注_直近_PRD,粗利達成率（単位可変）
836254252,物件種別修正用,ER_現場名入り売上実績,ER_売上/受注_直近_PRD,粗利達成率（単位可変）［予算種類部分一致］
836254252,物件種別修正用,ER_現場名入り売上実績,ER_売上/受注_直近_PRD,粗利達成率（単位可変）［予算種類部分一致］（今日まで）
836254252,物件種別修正用,ER_現場名入り売上実績,ER_売上/受注_直近_PRD,粗利達成率（単位可変）［予算種類部分一致］［アステック加盟種別＝新規］
836254252,物件種別修正用,ER_現場名入り売上実績,ER_売上/受注_直近_PRD,粗利額(単位:千円)
836254252,物件種別修正用,ER_現場名入り売上実績,ER_売上/受注_直近_PRD,粗利額(平均予測)
836254252,物件種別修正用,ER_現場名入り売上実績,ER_売上/受注_直近_PRD,粗利額(平均予測:月末)
836254252,物件種別修正用,ER_現場名入り売上実績,ER_売上/受注_直近_PRD,粗利額(平均予測:月次)
836254252,物件種別修正用,ER_現場名入り売上実績,ER_売上/受注_直近_PRD,粗利額(色分用)
836254252,物件種別修正用,ER_現場名入り売上実績,ER_売上/受注_直近_PRD,粗利額（アステック加盟種別＝新規）
836254252,物件種別修正用,ER_現場名入り売上実績,ER_売上/受注_直近_PRD,粗利額（今年）
836254252,物件種別修正用,ER_現場名入り売上実績,ER_売上/受注_直近_PRD,系統別売上大分類
836254252,物件種別修正用,ER_現場名入り売上実績,ER_売上/受注_直近_PRD,系統別売上表用ソート
836254252,物件種別修正用,ER_現場名入り売上実績,ER_売上/受注_直近_PRD,系統別売上表用表示(細分化)
836254252,物件種別修正用,ER_現場名入り売上実績,ER_売上/受注_直近_PRD,系統別売上表用詳細ソート
836254252,物件種別修正用,ER_現場名入り売上実績,ER_売上/受注_直近_PRD,累計売上購入額
836254252,物件種別修正用,ER_現場名入り売上実績,ER_売上/受注_直近_PRD,累計購入回数
836254252,物件種別修正用,ER_現場名入り売上実績,ER_売上/受注_直近_PRD,累計購入粗利益
836254252,物件種別修正用,ER_現場名入り売上実績,ER_売上/受注_直近_PRD,缶数
836254252,物件種別修正用,ER_現場名入り売上実績,ER_売上/受注_直近_PRD,缶数（送料・値引き除外）
836254252,物件種別修正用,ER_現場名入り売上実績,ER_売上/受注_直近_PRD,表示順（分類名）
836254252,物件種別修正用,ER_現場名入り売上実績,ER_売上/受注_直近_PRD,販促品カウント用売上.商品名
836254252,物件種別修正用,ER_現場名入り売上実績,ER_売上/受注_直近_PRD,販促品数量
836254252,物件種別修正用,ER_現場名入り売上実績,ER_売上/受注_直近_PRD,赤伝年会費
836254252,物件種別修正用,ER_現場名入り売上実績,ER_売上/受注_直近_PRD,部数
836254252,物件種別修正用,ER_現場名入り売上実績,ER_売上/受注_直近_PRD,集計対象現場
836254252,物件種別修正用,ER_現場名入り売上実績,ER_売上/受注_直近_PRD,集計軸①
836254252,物件種別修正用,ER_現場名入り売上実績,ER_売上/受注_直近_PRD,集計軸①ID
836254252,物件種別修正用,ER_現場名入り売上実績,ER_売上/受注_直近_PRD,集計軸②
836254252,物件種別修正用,ER_現場名入り売上実績,ER_売上/受注_直近_PRD,集計軸②ID
836254252,物件種別修正用,ER_現場名入り売上実績,ER_売上/受注_直近_PRD,集計軸③
836254252,物件種別修正用,ER_現場名入り売上実績,ER_売上/受注_直近_PRD,集計軸③ID
836254252,物件種別修正用,ER_現場名入り売上実績,ER_売上/受注_直近_PRD,集計軸④
836254252,物件種別修正用,ER_現場名入り売上実績,ER_売上/受注_直近_PRD,集計軸④ID
836254252,物件種別修正用,ER_現場名入り売上実績,ER_売上/受注_直近_PRD,集計軸⑤
836254252,物件種別修正用,ER_現場名入り売上実績,ER_売上/受注_直近_PRD,集計軸⑤ID
836254252,物件種別修正用,ER_現場名入り売上実績,ER_売上/受注_直近_PRD,顧客ID（表示）
836254252,物件種別修正用,ER_現場名入り売上実績,ER_売上/受注_直近_PRD,顧客会社数
836254252,物件種別修正用,ER_現場名入り売上実績,ER_売上/受注_直近_PRD,顧客会社数_粗利額>1(年・契・参除く)_東京
836254252,物件種別修正用,ER_現場名入り売上実績,ER_売上/受注_直近_PRD,顧客会社数_粗利額>1(年・契・参除く)（アステック加盟種別＝新規）_東京
836254252,物件種別修正用,ER_現場名入り売上実績,ER_売上/受注_直近_PRD,顧客会社数アステック加盟種別＝新規）
836254252,物件種別修正用,ER_現場名入り売上実績,ER_売上/受注_直近_PRD,顧客名
836254252,物件種別修正用,ER_現場名入り売上実績,ER_売上/受注_直近_PRD,顧客名_02
836254252,物件種別修正用,ER_現場名入り売上実績,ER_売上/受注_直近_PRD,顧客契約日（期）
836254252,物件種別修正用,ER_現場名入り売上実績,ER_売上/受注_直近_PRD,顧客部3営業所
836254252,物件種別修正用,ER_現場名入り売上実績,ER_売上/受注_直近_PRD,高付加価値/材料
836254252,物件種別修正用,ER_現場名入り売上実績,ER_売上/受注_直近_PRD,高単価(ﾘﾌｧｲﾝMF･ﾘﾌｧｲﾝ無機)比率
836254252,物件種別修正用,ER_現場名入り売上実績,ER_売上/受注_直近_PRD,高単価(ﾘﾌｧｲﾝMF･ﾘﾌｧｲﾝ無機)缶数
2006619322,法人営業部用_売上集計(出荷日基準),ER_現場名入り受注,ER_受注/出荷_直近_PRD,#粗利率
2006619322,法人営業部用_売上集計(出荷日基準),ER_現場名入り受注,ER_受注/出荷_直近_PRD,APS
2006619322,法人営業部用_売上集計(出荷日基準),ER_現場名入り受注,ER_受注/出荷_直近_PRD,GT集計用カテゴリ名
2006619322,法人営業部用_売上集計(出荷日基準),ER_現場名入り受注,ER_受注/出荷_直近_PRD,WEB切替_WEB受注率
2006619322,法人営業部用_売上集計(出荷日基準),ER_現場名入り受注,ER_受注/出荷_直近_PRD,WEB切替_ポテンシャル
2006619322,法人営業部用_売上集計(出荷日基準),ER_現場名入り受注,ER_受注/出荷_直近_PRD,WEB切替_受注件数(APO)
2006619322,法人営業部用_売上集計(出荷日基準),ER_現場名入り受注,ER_受注/出荷_直近_PRD,WEB切替_受注件数(CS)
2006619322,法人営業部用_売上集計(出荷日基準),ER_現場名入り受注,ER_受注/出荷_直近_PRD,WEB切替_受注件数(NAVI)
2006619322,法人営業部用_売上集計(出荷日基準),ER_現場名入り受注,ER_受注/出荷_直近_PRD,WEB切替_受注件数(営業)
2006619322,法人営業部用_売上集計(出荷日基準),ER_現場名入り受注,ER_受注/出荷_直近_PRD,WEB切替_受注経路区分=「受注以外」除外
2006619322,法人営業部用_売上集計(出荷日基準),ER_現場名入り受注,ER_受注/出荷_直近_PRD,WEB切替_注文合計
2006619322,法人営業部用_売上集計(出荷日基準),ER_現場名入り受注,ER_受注/出荷_直近_PRD,WEB切替_顧客会社アステック除外
2006619322,法人営業部用_売上集計(出荷日基準),ER_現場名入り受注,ER_受注/出荷_直近_PRD,Web受注率
2006619322,法人営業部用_売上集計(出荷日基準),ER_現場名入り受注,ER_受注/出荷_直近_PRD,Web受注率ジャンプ
2006619322,法人営業部用_売上集計(出荷日基準),ER_現場名入り受注,ER_受注/出荷_直近_PRD,Web受注率用経路表示順
2006619322,法人営業部用_売上集計(出荷日基準),ER_現場名入り受注,ER_受注/出荷_直近_PRD,アステック加盟年
2006619322,法人営業部用_売上集計(出荷日基準),ER_現場名入り受注,ER_受注/出荷_直近_PRD,カイゼンReペイント（NULL・空削除）
2006619322,法人営業部用_売上集計(出荷日基準),ER_現場名入り受注,ER_受注/出荷_直近_PRD,チャレンジカップ用商品名
2006619322,法人営業部用_売上集計(出荷日基準),ER_現場名入り受注,ER_受注/出荷_直近_PRD,プロタイムズ加盟種別
2006619322,法人営業部用_売上集計(出荷日基準),ER_現場名入り受注,ER_受注/出荷_直近_PRD,プロタイムズ注文除外
2006619322,法人営業部用_売上集計(出荷日基準),ER_現場名入り受注,ER_受注/出荷_直近_PRD,上塗缶数合計
2006619322,法人営業部用_売上集計(出荷日基準),ER_現場名入り受注,ER_受注/出荷_直近_PRD,会計勘定科目
2006619322,法人営業部用_売上集計(出荷日基準),ER_現場名入り受注,ER_受注/出荷_直近_PRD,出荷.出荷依頼先名表示順
2006619322,法人営業部用_売上集計(出荷日基準),ER_現場名入り受注,ER_受注/出荷_直近_PRD,出荷日（表示用）
2006619322,法人営業部用_売上集計(出荷日基準),ER_現場名入り受注,ER_受注/出荷_直近_PRD,出荷済受注
2006619322,法人営業部用_売上集計(出荷日基準),ER_現場名入り受注,ER_受注/出荷_直近_PRD,分類名（リファイン_屋根壁分割）
2006619322,法人営業部用_売上集計(出荷日基準),ER_現場名入り受注,ER_受注/出荷_直近_PRD,加盟グループ_プロテック（フィラー2Ⅱ含）
2006619322,法人営業部用_売上集計(出荷日基準),ER_現場名入り受注,ER_受注/出荷_直近_PRD,半期
2006619322,法人営業部用_売上集計(出荷日基準),ER_現場名入り受注,ER_受注/出荷_直近_PRD,受注ステータス（受注簡易システム）
2006619322,法人営業部用_売上集計(出荷日基準),ER_現場名入り受注,ER_受注/出荷_直近_PRD,受注合計(受注単位)
2006619322,法人営業部用_売上集計(出荷日基準),ER_現場名入り受注,ER_受注/出荷_直近_PRD,受注年
2006619322,法人営業部用_売上集計(出荷日基準),ER_現場名入り受注,ER_受注/出荷_直近_PRD,受注年月
2006619322,法人営業部用_売上集計(出荷日基準),ER_現場名入り受注,ER_受注/出荷_直近_PRD,受注日
2006619322,法人営業部用_売上集計(出荷日基準),ER_現場名入り受注,ER_受注/出荷_直近_PRD,受注経路区分名称
2006619322,法人営業部用_売上集計(出荷日基準),ER_現場名入り受注,ER_受注/出荷_直近_PRD,受注経路区分名称(Webデバイス込み)
2006619322,法人営業部用_売上集計(出荷日基準),ER_現場名入り受注,ER_受注/出荷_直近_PRD,受注経路（Web受注率用）
2006619322,法人営業部用_売上集計(出荷日基準),ER_現場名入り受注,ER_受注/出荷_直近_PRD,商品カテゴリ(親カテゴリ)
2006619322,法人営業部用_売上集計(出荷日基準),ER_現場名入り受注,ER_受注/出荷_直近_PRD,商品名（カイゼンReペイント表記統一）
2006619322,法人営業部用_売上集計(出荷日基準),ER_現場名入り受注,ER_受注/出荷_直近_PRD,営業所表示順（AP営業所）
2006619322,法人営業部用_売上集計(出荷日基準),ER_現場名入り受注,ER_受注/出荷_直近_PRD,売上予算達成率
2006619322,法人営業部用_売上集計(出荷日基準),ER_現場名入り受注,ER_受注/出荷_直近_PRD,売上見込み
2006619322,法人営業部用_売上集計(出荷日基準),ER_現場名入り受注,ER_受注/出荷_直近_PRD,売上額 (Merged from datasource: d7d0cd1d-1210-41d6-a842-87ea45d0d90f)
2006619322,法人営業部用_売上集計(出荷日基準),ER_現場名入り受注,ER_受注/出荷_直近_PRD,売上額(単位:千円)
2006619322,法人営業部用_売上集計(出荷日基準),ER_現場名入り受注,ER_受注/出荷_直近_PRD,売上額の合計
2006619322,法人営業部用_売上集計(出荷日基準),ER_現場名入り受注,ER_受注/出荷_直近_PRD,希望最短納期ID数
2006619322,法人営業部用_売上集計(出荷日基準),ER_現場名入り受注,ER_受注/出荷_直近_PRD,建物区分名（大型予実確認用）
2006619322,法人営業部用_売上集計(出荷日基準),ER_現場名入り受注,ER_受注/出荷_直近_PRD,当日出荷
2006619322,法人営業部用_売上集計(出荷日基準),ER_現場名入り受注,ER_受注/出荷_直近_PRD,当日受注
2006619322,法人営業部用_売上集計(出荷日基準),ER_現場名入り受注,ER_受注/出荷_直近_PRD,当月受注
2006619322,法人営業部用_売上集計(出荷日基準),ER_現場名入り受注,ER_受注/出荷_直近_PRD,数量の合計
2006619322,法人営業部用_売上集計(出荷日基準),ER_現場名入り受注,ER_受注/出荷_直近_PRD,時間軸
2006619322,法人営業部用_売上集計(出荷日基準),ER_現場名入り受注,ER_受注/出荷_直近_PRD,最大出荷日
2006619322,法人営業部用_売上集計(出荷日基準),ER_現場名入り受注,ER_受注/出荷_直近_PRD,最小出荷日
2006619322,法人営業部用_売上集計(出荷日基準),ER_現場名入り受注,ER_受注/出荷_直近_PRD,法人営業部販売手数料（CX化サービス）
2006619322,法人営業部用_売上集計(出荷日基準),ER_現場名入り受注,ER_受注/出荷_直近_PRD,法人営業部販売手数料（合計）
2006619322,法人営業部用_売上集計(出荷日基準),ER_現場名入り受注,ER_受注/出荷_直近_PRD,法人営業部販売手数料（工場アパマン）
2006619322,法人営業部用_売上集計(出荷日基準),ER_現場名入り受注,ER_受注/出荷_直近_PRD,法人営業部販売手数料（ﾌﾟﾛﾃｯｸ塗料）
2006619322,法人営業部用_売上集計(出荷日基準),ER_現場名入り受注,ER_受注/出荷_直近_PRD,注文件数
2006619322,法人営業部用_売上集計(出荷日基準),ER_現場名入り受注,ER_受注/出荷_直近_PRD,無償提供除外
2006619322,法人営業部用_売上集計(出荷日基準),ER_現場名入り受注,ER_受注/出荷_直近_PRD,物件種別_フィルター
2006619322,法人営業部用_売上集計(出荷日基準),ER_現場名入り受注,ER_受注/出荷_直近_PRD,特別値引・無償提供・ポイント値引除外
2006619322,法人営業部用_売上集計(出荷日基準),ER_現場名入り受注,ER_受注/出荷_直近_PRD,現ポ利用料除外
2006619322,法人営業部用_売上集計(出荷日基準),ER_現場名入り受注,ER_受注/出荷_直近_PRD,直近n日
2006619322,法人営業部用_売上集計(出荷日基準),ER_現場名入り受注,ER_受注/出荷_直近_PRD,社数
2006619322,法人営業部用_売上集計(出荷日基準),ER_現場名入り受注,ER_受注/出荷_直近_PRD,粗利予算達成率
2006619322,法人営業部用_売上集計(出荷日基準),ER_現場名入り受注,ER_受注/出荷_直近_PRD,納期最短の希望率
2006619322,法人営業部用_売上集計(出荷日基準),ER_現場名入り受注,ER_受注/出荷_直近_PRD,経路サマリ
2006619322,法人営業部用_売上集計(出荷日基準),ER_現場名入り受注,ER_受注/出荷_直近_PRD,経路サマリ名称
2006619322,法人営業部用_売上集計(出荷日基準),ER_現場名入り受注,ER_受注/出荷_直近_PRD,缶数
2006619322,法人営業部用_売上集計(出荷日基準),ER_現場名入り受注,ER_受注/出荷_直近_PRD,缶数（送料・値引き除外）
2006619322,法人営業部用_売上集計(出荷日基準),ER_現場名入り受注,ER_受注/出荷_直近_PRD,表示順(受注経路区分Webデバイス込)
2006619322,法人営業部用_売上集計(出荷日基準),ER_現場名入り受注,ER_受注/出荷_直近_PRD,集計軸①
2006619322,法人営業部用_売上集計(出荷日基準),ER_現場名入り受注,ER_受注/出荷_直近_PRD,集計軸①ID
2006619322,法人営業部用_売上集計(出荷日基準),ER_現場名入り受注,ER_受注/出荷_直近_PRD,集計軸②
2006619322,法人営業部用_売上集計(出荷日基準),ER_現場名入り受注,ER_受注/出荷_直近_PRD,集計軸②ID
2006619322,法人営業部用_売上集計(出荷日基準),ER_現場名入り受注,ER_受注/出荷_直近_PRD,集計軸③
2006619322,法人営業部用_売上集計(出荷日基準),ER_現場名入り受注,ER_受注/出荷_直近_PRD,集計軸③ID
2006619322,法人営業部用_売上集計(出荷日基準),ER_現場名入り受注,ER_受注/出荷_直近_PRD,集計軸④
2006619322,法人営業部用_売上集計(出荷日基準),ER_現場名入り受注,ER_受注/出荷_直近_PRD,集計軸④ID
2006619322,法人営業部用_売上集計(出荷日基準),ER_現場名入り受注,ER_受注/出荷_直近_PRD,集計軸⑤
2006619322,法人営業部用_売上集計(出荷日基準),ER_現場名入り受注,ER_受注/出荷_直近_PRD,集計軸⑤ID
2006619322,法人営業部用_売上集計(出荷日基準),ER_現場名入り受注,ER_受注/出荷_直近_PRD,集計軸⑥
2006619322,法人営業部用_売上集計(出荷日基準),ER_現場名入り受注,ER_受注/出荷_直近_PRD,集計軸⑥ID
